accuracy,loss,val_accuracy,val_loss,learning_rate,ID_Entrenamiento
0.39381206035614014,2.921893835067749,0.22174225747585297,1.1809368133544922,9.999999747378752e-05,Entrenamiento_21078
0.4881589114665985,2.246527671813965,0.22174225747585297,1.2360138893127441,9.999999747378752e-05,Entrenamiento_21078
0.5213903784751892,2.0599045753479004,0.3347732126712799,1.1713032722473145,9.999999747378752e-05,Entrenamiento_21078
0.5576776266098022,1.9031835794448853,0.46292296051979065,1.1220881938934326,9.999999747378752e-05,Entrenamiento_21078
0.5790680050849915,1.8190799951553345,0.5601152181625366,1.0277310609817505,9.999999747378752e-05,Entrenamiento_21078
0.586325466632843,1.7090563774108887,0.594672441482544,0.9718295931816101,9.999999747378752e-05,Entrenamiento_21078
0.5928189754486084,1.6326631307601929,0.5896328091621399,1.0964778661727905,9.999999747378752e-05,Entrenamiento_21078
0.6207028031349182,1.5561145544052124,0.6069114208221436,1.0671498775482178,9.999999747378752e-05,Entrenamiento_21078
0.6268143653869629,1.4998595714569092,0.5579553842544556,1.0952949523925781,9.999999747378752e-05,Entrenamiento_21078
0.6157371997833252,1.4819297790527344,0.6335493326187134,0.9455605745315552,9.999999747378752e-05,Entrenamiento_21078
0.6428571343421936,1.4211394786834717,0.6702663898468018,0.8706066012382507,9.999999747378752e-05,Entrenamiento_21078
0.6298701167106628,1.3614107370376587,0.6630669832229614,0.8739985823631287,9.999999747378752e-05,Entrenamiento_21078
0.6470588445663452,1.354087471961975,0.6832253336906433,0.8379876613616943,9.999999747378752e-05,Entrenamiento_21078
0.6394193768501282,1.3176277875900269,0.6976242065429688,0.7517231106758118,9.999999747378752e-05,Entrenamiento_21078
0.6527884006500244,1.299841284751892,0.6738660931587219,0.9344828724861145,9.999999747378752e-05,Entrenamiento_21078
0.6550801992416382,1.297586441040039,0.7113031148910522,0.7559686899185181,9.999999747378752e-05,Entrenamiento_21078
0.6653934121131897,1.1827315092086792,0.7343412637710571,0.6676116585731506,9.999999747378752e-05,Entrenamiento_21078
0.6783804297447205,1.1784356832504272,0.7386609315872192,0.7325361967086792,9.999999747378752e-05,Entrenamiento_21078
0.6718869209289551,1.2067221403121948,0.7336212992668152,0.6384211182594299,9.999999747378752e-05,Entrenamiento_21078
0.6753246784210205,1.1849713325500488,0.7105831503868103,0.6860578656196594,9.999999747378752e-05,Entrenamiento_21078
0.6783804297447205,1.1762337684631348,0.7285817265510559,0.6715385317802429,9.999999747378752e-05,Entrenamiento_21078
0.680672287940979,1.1775258779525757,0.7062634825706482,0.6968449354171753,9.999999747378752e-05,Entrenamiento_21078
0.6818181872367859,1.1371326446533203,0.7206623554229736,0.6577053666114807,9.999999747378752e-05,Entrenamiento_21078
0.6928953528404236,1.0968693494796753,0.7012239098548889,0.726631224155426,9.999999747378752e-05,Entrenamiento_21078
0.6860198378562927,1.1022378206253052,0.7177825570106506,0.7403820157051086,9.999999747378752e-05,Entrenamiento_21078
0.699388861656189,1.0280221700668335,0.7105831503868103,0.7393031716346741,9.999999747378752e-05,Entrenamiento_21078
0.6982429623603821,1.0614477396011353,0.7213822603225708,0.7558658719062805,9.999999747378752e-05,Entrenamiento_21078
0.6959511041641235,1.0458557605743408,0.7357811331748962,0.6809532642364502,4.999999873689376e-05,Entrenamiento_21078
0.7024446129798889,1.1083347797393799,0.7422606348991394,0.65904301404953,4.999999873689376e-05,Entrenamiento_21078
0.7009167075157166,1.0218193531036377,0.7508999109268188,0.6290485262870789,4.999999873689376e-05,Entrenamiento_21078
0.7066463232040405,1.0035191774368286,0.7415406703948975,0.6338655948638916,4.999999873689376e-05,Entrenamiento_21078
0.7039725184440613,1.0201212167739868,0.7041036486625671,0.6825236082077026,4.999999873689376e-05,Entrenamiento_21078
0.7001528143882751,0.9882838726043701,0.7134629487991333,0.6759446859359741,4.999999873689376e-05,Entrenamiento_21078
0.7161955833435059,0.9815983176231384,0.7192224860191345,0.7187957167625427,4.999999873689376e-05,Entrenamiento_21078
0.6997708082199097,1.0189815759658813,0.755219578742981,0.5985859036445618,4.999999873689376e-05,Entrenamiento_21078
0.7253628969192505,0.9743368625640869,0.7343412637710571,0.6313818693161011,4.999999873689376e-05,Entrenamiento_21078
0.7123758792877197,0.9986226558685303,0.7141828536987305,0.6488205194473267,4.999999873689376e-05,Entrenamiento_21078
0.7112299203872681,1.0226373672485352,0.7127429842948914,0.6688432097434998,4.999999873689376e-05,Entrenamiento_21078
0.7276546955108643,0.9971488118171692,0.7444204688072205,0.6133930683135986,4.999999873689376e-05,Entrenamiento_21078
0.7142857313156128,0.9713262319564819,0.7516198754310608,0.6030219793319702,4.999999873689376e-05,Entrenamiento_21078
0.7352941036224365,0.9400635957717896,0.7386609315872192,0.6149419546127319,4.999999873689376e-05,Entrenamiento_21078
0.7181054353713989,1.010025143623352,0.7213822603225708,0.6397270560264587,4.999999873689376e-05,Entrenamiento_21078
0.7192513346672058,0.9822350740432739,0.7177825570106506,0.6298715472221375,4.999999873689376e-05,Entrenamiento_21078
0.716959536075592,0.9585716128349304,0.7271418571472168,0.6362748742103577,2.499999936844688e-05,Entrenamiento_21078
0.7276546955108643,0.9401668906211853,0.730741560459137,0.6373521089553833,2.499999936844688e-05,Entrenamiento_21078
0.7116119265556335,0.9932020306587219,0.730021595954895,0.6303557753562927,2.499999936844688e-05,Entrenamiento_21078
0.7276546955108643,0.9389633536338806,0.7336212992668152,0.6301332116127014,2.499999936844688e-05,Entrenamiento_21078
0.7207792401313782,0.9058775305747986,0.7350611686706543,0.6406400203704834,2.499999936844688e-05,Entrenamiento_21078
0.7154316306114197,0.9609280824661255,0.730741560459137,0.6480556726455688,2.499999936844688e-05,Entrenamiento_21078
0.7310924530029297,0.9187942147254944,0.7170626521110535,0.6522003412246704,2.499999936844688e-05,Entrenamiento_21078
0.4110007584095001,2.607367515563965,0.23254139721393585,1.0893577337265015,9.999999747378752e-05,Entrenamiento_35212
0.4938884675502777,2.1439054012298584,0.25989919900894165,1.040082335472107,9.999999747378752e-05,Entrenamiento_35212
0.541252851486206,1.9090452194213867,0.3938084840774536,0.9197888970375061,9.999999747378752e-05,Entrenamiento_35212
0.5431627035140991,1.927925944328308,0.4427645802497864,0.9216181039810181,9.999999747378752e-05,Entrenamiento_35212
0.5614973306655884,1.7331523895263672,0.45716342329978943,1.0042864084243774,9.999999747378752e-05,Entrenamiento_35212
0.5958747267723083,1.5989272594451904,0.5536357164382935,0.9350480437278748,9.999999747378752e-05,Entrenamiento_35212
0.6008403301239014,1.6281530857086182,0.5881929397583008,0.8369155526161194,9.999999747378752e-05,Entrenamiento_35212
0.6275783181190491,1.4990665912628174,0.5601152181625366,0.9016509652137756,9.999999747378752e-05,Entrenamiento_35212
0.6138273477554321,1.41105055809021,0.5579553842544556,0.8067308068275452,9.999999747378752e-05,Entrenamiento_35212
0.6302521228790283,1.425309658050537,0.5629949569702148,0.8405312895774841,9.999999747378752e-05,Entrenamiento_35212
0.6405653357505798,1.345227599143982,0.5579553842544556,0.9036375880241394,9.999999747378752e-05,Entrenamiento_35212
0.6420931816101074,1.3487728834152222,0.591792643070221,0.7893176078796387,9.999999747378752e-05,Entrenamiento_35212
0.6409472823143005,1.2589824199676514,0.5802735686302185,1.1470651626586914,9.999999747378752e-05,Entrenamiento_35212
0.6359816789627075,1.2784475088119507,0.6465082764625549,0.7372626066207886,9.999999747378752e-05,Entrenamiento_35212
0.6474407911300659,1.265137791633606,0.6119510531425476,0.7781083583831787,9.999999747378752e-05,Entrenamiento_35212
0.6531703472137451,1.2084959745407104,0.6155507564544678,0.8656418323516846,9.999999747378752e-05,Entrenamiento_35212
0.6665393710136414,1.1619365215301514,0.6637868881225586,0.7665424942970276,9.999999747378752e-05,Entrenamiento_35212
0.6703590750694275,1.1775259971618652,0.6407487392425537,0.7409929037094116,9.999999747378752e-05,Entrenamiento_35212
0.6737967729568481,1.157078742980957,0.6335493326187134,0.9319248199462891,9.999999747378752e-05,Entrenamiento_35212
0.6768525838851929,1.1332423686981201,0.7170626521110535,0.65901780128479,9.999999747378752e-05,Entrenamiento_35212
0.6718869209289551,1.08823823928833,0.7149028182029724,0.7074316740036011,9.999999747378752e-05,Entrenamiento_35212
0.688693642616272,1.099219560623169,0.6983441114425659,0.6443780064582825,9.999999747378752e-05,Entrenamiento_35212
0.6825821399688721,1.0619531869888306,0.6933045387268066,0.7227603793144226,9.999999747378752e-05,Entrenamiento_35212
0.7024446129798889,1.0658369064331055,0.7084233164787292,0.6650438904762268,9.999999747378752e-05,Entrenamiento_35212
0.706264317035675,0.9916906356811523,0.676025927066803,0.6737862229347229,9.999999747378752e-05,Entrenamiento_35212
0.7074102163314819,1.0289502143859863,0.6551476120948792,0.8623270988464355,9.999999747378752e-05,Entrenamiento_35212
0.7055003643035889,1.0181660652160645,0.6925845742225647,0.7752639055252075,9.999999747378752e-05,Entrenamiento_35212
0.7188693881034851,0.9480743408203125,0.6933045387268066,0.670688807964325,9.999999747378752e-05,Entrenamiento_35212
0.7081741690635681,1.036113977432251,0.6774657964706421,0.7007977366447449,9.999999747378752e-05,Entrenamiento_35212
0.7035905122756958,1.0283775329589844,0.6947444081306458,0.6259421706199646,9.999999747378752e-05,Entrenamiento_35212
0.7055003643035889,1.050032377243042,0.6976242065429688,0.656602144241333,9.999999747378752e-05,Entrenamiento_35212
0.7207792401313782,0.9815441370010376,0.7091432809829712,0.6416761875152588,9.999999747378752e-05,Entrenamiento_35212
0.7177234292030334,0.9691025018692017,0.6342692375183105,0.7796064019203186,9.999999747378752e-05,Entrenamiento_35212
0.7215431332588196,1.0112035274505615,0.6767458319664001,0.6916426420211792,9.999999747378752e-05,Entrenamiento_35212
0.7333842515945435,0.918828010559082,0.6299496293067932,0.7389876842498779,9.999999747378752e-05,Entrenamiento_35212
0.7161955833435059,1.004796028137207,0.6796256303787231,0.6496724486351013,9.999999747378752e-05,Entrenamiento_35212
0.7333842515945435,0.892471432685852,0.6947444081306458,0.7018148899078369,9.999999747378752e-05,Entrenamiento_35212
0.7181054353713989,0.934782862663269,0.6630669832229614,0.6454131007194519,9.999999747378752e-05,Entrenamiento_35212
0.7295645475387573,0.9092987775802612,0.6551476120948792,0.6604570150375366,4.999999873689376e-05,Entrenamiento_35212
0.7341482043266296,0.9442467093467712,0.6796256303787231,0.6311694383621216,4.999999873689376e-05,Entrenamiento_35212
0.7379679083824158,0.8740041255950928,0.6889848709106445,0.6274235844612122,4.999999873689376e-05,Entrenamiento_35212
0.7341482043266296,0.9244264364242554,0.6933045387268066,0.6712205410003662,4.999999873689376e-05,Entrenamiento_35212
0.7383499145507812,0.904834508895874,0.6681065559387207,0.6504679918289185,4.999999873689376e-05,Entrenamiento_35212
0.7444614171981812,0.8342547416687012,0.6637868881225586,0.692043125629425,4.999999873689376e-05,Entrenamiento_35212
0.7322383522987366,0.8626081347465515,0.6961842775344849,0.6489121317863464,4.999999873689376e-05,Entrenamiento_35212
0.37700533866882324,2.5837244987487793,0.22174225747585297,1.1089344024658203,9.999999747378752e-05,Entrenamiento_54709
0.46371275186538696,2.12994647026062,0.5413966774940491,1.0491337776184082,9.999999747378752e-05,Entrenamiento_54709
0.4992360472679138,1.9673572778701782,0.5817134380340576,0.9062538743019104,9.999999747378752e-05,Entrenamiento_54709
0.5439266562461853,1.7753257751464844,0.5557955503463745,0.8956247568130493,9.999999747378752e-05,Entrenamiento_54709
0.5798319578170776,1.6287490129470825,0.591792643070221,0.8531560301780701,9.999999747378752e-05,Entrenamiento_54709
0.5935828685760498,1.5898784399032593,0.5701943635940552,0.9915158748626709,9.999999747378752e-05,Entrenamiento_54709
0.599312424659729,1.4655886888504028,0.5874729752540588,1.0554301738739014,9.999999747378752e-05,Entrenamiento_54709
0.6157371997833252,1.4377038478851318,0.5529157519340515,1.1122747659683228,9.999999747378752e-05,Entrenamiento_54709
0.6157371997833252,1.4196289777755737,0.6054715514183044,0.8529413938522339,9.999999747378752e-05,Entrenamiento_54709
0.6168830990791321,1.374449610710144,0.6105111837387085,0.9305160045623779,9.999999747378752e-05,Entrenamiento_54709
0.6352177262306213,1.3056281805038452,0.6594672203063965,0.8227869272232056,9.999999747378752e-05,Entrenamiento_54709
0.6386554837226868,1.2998466491699219,0.6637868881225586,0.8163832426071167,9.999999747378752e-05,Entrenamiento_54709
0.660045862197876,1.267271876335144,0.645788311958313,0.8737738728523254,9.999999747378752e-05,Entrenamiento_54709
0.6489686965942383,1.24320387840271,0.6630669832229614,0.7433589696884155,9.999999747378752e-05,Entrenamiento_54709
0.6508785486221313,1.2320307493209839,0.6875450015068054,0.6869053840637207,9.999999747378752e-05,Entrenamiento_54709
0.661955714225769,1.1940598487854004,0.621310293674469,0.7237497568130493,9.999999747378752e-05,Entrenamiento_54709
0.6825821399688721,1.1342062950134277,0.6112310886383057,0.8628542423248291,9.999999747378752e-05,Entrenamiento_54709
0.6760886311531067,1.1326875686645508,0.6789056658744812,0.681628406047821,9.999999747378752e-05,Entrenamiento_54709
0.688693642616272,1.0981637239456177,0.6817854642868042,0.6971752643585205,9.999999747378752e-05,Entrenamiento_54709
0.6776164770126343,1.0987966060638428,0.645788311958313,0.9343081712722778,9.999999747378752e-05,Entrenamiento_54709
0.6772345304489136,1.1271048784255981,0.621310293674469,0.7706180214881897,9.999999747378752e-05,Entrenamiento_54709
0.6875477433204651,1.0837738513946533,0.6544276475906372,0.7619288563728333,9.999999747378752e-05,Entrenamiento_54709
0.6932772994041443,1.0754426717758179,0.6551476120948792,0.7458603382110596,9.999999747378752e-05,Entrenamiento_54709
0.709320068359375,1.010538935661316,0.6623470187187195,0.8459408283233643,9.999999747378752e-05,Entrenamiento_54709
0.6963330507278442,1.0495550632476807,0.6940245032310486,0.6846488118171692,9.999999747378752e-05,Entrenamiento_54709
0.6948052048683167,1.0311782360076904,0.7242620587348938,0.598938524723053,9.999999747378752e-05,Entrenamiento_54709
0.7016806602478027,1.0063328742980957,0.7379409670829773,0.5817584991455078,9.999999747378752e-05,Entrenamiento_54709
0.7077922224998474,0.97928386926651,0.7192224860191345,0.5963014960289001,9.999999747378752e-05,Entrenamiento_54709
0.7207792401313782,0.9801412224769592,0.7206623554229736,0.6461101174354553,9.999999747378752e-05,Entrenamiento_54709
0.7238349914550781,0.9590844511985779,0.6522678136825562,0.6867497563362122,9.999999747378752e-05,Entrenamiento_54709
0.7047364115715027,0.9732244610786438,0.6825054287910461,0.6485695242881775,9.999999747378752e-05,Entrenamiento_54709
0.7223070859909058,0.94654381275177,0.6702663898468018,0.6859896183013916,9.999999747378752e-05,Entrenamiento_54709
0.7192513346672058,0.9331161975860596,0.7221022248268127,0.6173248887062073,9.999999747378752e-05,Entrenamiento_54709
0.7245989441871643,0.9317306280136108,0.7537797093391418,0.5739871859550476,9.999999747378752e-05,Entrenamiento_54709
0.7379679083824158,0.882566511631012,0.7480201721191406,0.5850381851196289,9.999999747378752e-05,Entrenamiento_54709
0.724980890750885,0.9275171160697937,0.730741560459137,0.6062096357345581,9.999999747378752e-05,Entrenamiento_54709
0.7196332812309265,0.9692189693450928,0.6897048354148865,0.7063915729522705,9.999999747378752e-05,Entrenamiento_54709
0.724980890750885,0.9599345326423645,0.6846652030944824,0.8297038078308105,9.999999747378752e-05,Entrenamiento_54709
0.7226890921592712,0.9335737824440002,0.6868250370025635,0.6591772437095642,9.999999747378752e-05,Entrenamiento_54709
0.7375859618186951,0.890615701675415,0.7235420942306519,0.5810308456420898,9.999999747378752e-05,Entrenamiento_54709
0.7421696186065674,0.8846511244773865,0.7271418571472168,0.5854533910751343,9.999999747378752e-05,Entrenamiento_54709
0.7391138076782227,0.8665411472320557,0.7458603382110596,0.5440260171890259,9.999999747378752e-05,Entrenamiento_54709
0.7276546955108643,0.9106020927429199,0.6983441114425659,0.6191515922546387,9.999999747378752e-05,Entrenamiento_54709
0.743697464466095,0.8836469650268555,0.6954643726348877,0.6769154667854309,9.999999747378752e-05,Entrenamiento_54709
0.7501909732818604,0.8620212078094482,0.7365010976791382,0.5739302039146423,9.999999747378752e-05,Entrenamiento_54709
0.7582123875617981,0.8307236433029175,0.7415406703948975,0.6166950464248657,9.999999747378752e-05,Entrenamiento_54709
0.7509549260139465,0.8233870267868042,0.7257019281387329,0.6066199541091919,9.999999747378752e-05,Entrenamiento_54709
0.7555385828018188,0.8422701358795166,0.7602591514587402,0.5423651337623596,9.999999747378752e-05,Entrenamiento_54709
0.7528647780418396,0.8409929275512695,0.7012239098548889,0.7204978466033936,9.999999747378752e-05,Entrenamiento_54709
0.7494270205497742,0.833292543888092,0.6889848709106445,0.6744373440742493,9.999999747378752e-05,Entrenamiento_54709
0.7521008253097534,0.8467817306518555,0.6594672203063965,0.6326490640640259,9.999999747378752e-05,Entrenamiento_54709
0.7551566362380981,0.7991659641265869,0.7336212992668152,0.6067371964454651,9.999999747378752e-05,Entrenamiento_54709
0.764323890209198,0.7990027070045471,0.7350611686706543,0.5688325762748718,9.999999747378752e-05,Entrenamiento_54709
0.754392683506012,0.8037144541740417,0.754499614238739,0.5360158681869507,9.999999747378752e-05,Entrenamiento_54709
0.7647058963775635,0.8203994035720825,0.7444204688072205,0.6030316352844238,9.999999747378752e-05,Entrenamiento_54709
0.7605041861534119,0.8077571392059326,0.7156227231025696,0.5831323266029358,9.999999747378752e-05,Entrenamiento_54709
0.7673797011375427,0.8272042870521545,0.7537797093391418,0.5288102030754089,9.999999747378752e-05,Entrenamiento_54709
0.7669976949691772,0.7690983414649963,0.7451403737068176,0.5369530916213989,9.999999747378752e-05,Entrenamiento_54709
0.7685256004333496,0.7960959672927856,0.7401008009910583,0.5609064698219299,9.999999747378752e-05,Entrenamiento_54709
0.7673797011375427,0.7900616526603699,0.7501800060272217,0.5354124307632446,9.999999747378752e-05,Entrenamiento_54709
0.7708173990249634,0.8049274682998657,0.7465803027153015,0.6219859719276428,9.999999747378752e-05,Entrenamiento_54709
0.7731092572212219,0.7564670443534851,0.6767458319664001,0.635603129863739,9.999999747378752e-05,Entrenamiento_54709
0.7838044166564941,0.7485624551773071,0.6580273509025574,0.6941472887992859,9.999999747378752e-05,Entrenamiento_54709
0.7776929140090942,0.747303307056427,0.7242620587348938,0.6077964305877686,9.999999747378752e-05,Entrenamiento_54709
0.7647058963775635,0.8076460957527161,0.7264218926429749,0.6307206749916077,9.999999747378752e-05,Entrenamiento_54709
0.7845683693885803,0.7513296604156494,0.7314614653587341,0.5749553442001343,4.999999873689376e-05,Entrenamiento_54709
0.7860962748527527,0.724973738193512,0.7372210025787354,0.5852829217910767,4.999999873689376e-05,Entrenamiento_54709
0.7868602275848389,0.717995285987854,0.7206623554229736,0.6346994638442993,4.999999873689376e-05,Entrenamiento_54709
0.7845683693885803,0.7487720251083374,0.7156227231025696,0.6258534789085388,4.999999873689376e-05,Entrenamiento_54709
0.7868602275848389,0.7235329151153564,0.7473002076148987,0.5458575487136841,4.999999873689376e-05,Entrenamiento_54709
0.7838044166564941,0.7399091720581055,0.7199423909187317,0.6075472831726074,4.999999873689376e-05,Entrenamiento_54709
0.8009931445121765,0.6815215349197388,0.7156227231025696,0.6385734677314758,4.999999873689376e-05,Entrenamiento_54709
0.4006875455379486,2.7482383251190186,0.22390209138393402,1.1310619115829468,9.999999747378752e-05,Entrenamiento_18688
0.49656227231025696,2.186309814453125,0.38876891136169434,1.1443471908569336,9.999999747378752e-05,Entrenamiento_18688
0.53132164478302,2.0328428745269775,0.38372930884361267,1.072131872177124,9.999999747378752e-05,Entrenamiento_18688
0.5721924901008606,1.854130506515503,0.46292296051979065,1.017216682434082,9.999999747378752e-05,Entrenamiento_18688
0.5867074131965637,1.6666678190231323,0.5334773063659668,1.0107381343841553,9.999999747378752e-05,Entrenamiento_18688
0.5844155550003052,1.6725198030471802,0.5680345296859741,1.0405417680740356,9.999999747378752e-05,Entrenamiento_18688
0.5924369692802429,1.596567988395691,0.6040316820144653,1.1655300855636597,9.999999747378752e-05,Entrenamiento_18688
0.6122994422912598,1.4613531827926636,0.6565874814987183,0.8029157519340515,9.999999747378752e-05,Entrenamiento_18688
0.6214667558670044,1.4216620922088623,0.6054715514183044,0.9919914603233337,9.999999747378752e-05,Entrenamiento_18688
0.6313980221748352,1.3888028860092163,0.6342692375183105,1.0661919116973877,9.999999747378752e-05,Entrenamiento_18688
0.6440030336380005,1.3869141340255737,0.67314612865448,0.8517227172851562,9.999999747378752e-05,Entrenamiento_18688
0.6531703472137451,1.298582911491394,0.648668110370636,0.8869114518165588,9.999999747378752e-05,Entrenamiento_18688
0.6294881701469421,1.3095568418502808,0.6817854642868042,0.7746490836143494,9.999999747378752e-05,Entrenamiento_18688
0.6497326493263245,1.275413155555725,0.6846652030944824,0.7604682445526123,9.999999747378752e-05,Entrenamiento_18688
0.6707410216331482,1.1953531503677368,0.6954643726348877,0.6775299310684204,9.999999747378752e-05,Entrenamiento_18688
0.6482047438621521,1.1907776594161987,0.6724262237548828,0.7633241415023804,9.999999747378752e-05,Entrenamiento_18688
0.6588999032974243,1.255020022392273,0.6623470187187195,0.7683361172676086,9.999999747378752e-05,Entrenamiento_18688
0.6707410216331482,1.1617112159729004,0.6817854642868042,0.721383810043335,9.999999747378752e-05,Entrenamiento_18688
0.6718869209289551,1.1611722707748413,0.6832253336906433,0.7025402188301086,9.999999747378752e-05,Entrenamiento_18688
0.6760886311531067,1.144228219985962,0.6997840404510498,0.6904984712600708,9.999999747378752e-05,Entrenamiento_18688
0.6695951223373413,1.1714646816253662,0.702663779258728,0.6526991724967957,9.999999747378752e-05,Entrenamiento_18688
0.6768525838851929,1.135647177696228,0.6846652030944824,0.6524369716644287,9.999999747378752e-05,Entrenamiento_18688
0.6802902817726135,1.0945627689361572,0.6270698308944702,0.7579669952392578,9.999999747378752e-05,Entrenamiento_18688
0.6799083352088928,1.1081854104995728,0.5788336992263794,0.8498407006263733,9.999999747378752e-05,Entrenamiento_18688
0.683728039264679,1.0797837972640991,0.5716342926025391,0.9227775931358337,9.999999747378752e-05,Entrenamiento_18688
0.6928953528404236,1.0133072137832642,0.5997120141983032,0.7879137992858887,9.999999747378752e-05,Entrenamiento_18688
0.7005347609519958,1.0564295053482056,0.6141108870506287,0.8944251537322998,9.999999747378752e-05,Entrenamiento_18688
0.683728039264679,1.054194688796997,0.6227501630783081,0.821070671081543,9.999999747378752e-05,Entrenamiento_18688
0.6967150568962097,1.0090365409851074,0.6695464253425598,0.6954806447029114,9.999999747378752e-05,Entrenamiento_18688
0.7108479738235474,1.0350314378738403,0.6637868881225586,0.6986181735992432,9.999999747378752e-05,Entrenamiento_18688
0.7047364115715027,0.9695051908493042,0.6609071493148804,0.6916245222091675,4.999999873689376e-05,Entrenamiento_18688
0.699388861656189,0.9812971949577332,0.6601871848106384,0.6743359565734863,4.999999873689376e-05,Entrenamiento_18688
0.6990068554878235,0.9697394967079163,0.6637868881225586,0.6697224378585815,4.999999873689376e-05,Entrenamiento_18688
0.7116119265556335,0.9961411952972412,0.6594672203063965,0.6630881428718567,4.999999873689376e-05,Entrenamiento_18688
0.7181054353713989,0.9262533783912659,0.6803455948829651,0.6458688378334045,4.999999873689376e-05,Entrenamiento_18688
0.7039725184440613,0.964871883392334,0.6601871848106384,0.6800253391265869,4.999999873689376e-05,Entrenamiento_18688
0.7226890921592712,0.9360716342926025,0.6673865914344788,0.6602902412414551,4.999999873689376e-05,Entrenamiento_18688
0.7223070859909058,0.9238091111183167,0.675305962562561,0.6375046968460083,4.999999873689376e-05,Entrenamiento_18688
0.7154316306114197,0.9083284735679626,0.6796256303787231,0.6414148807525635,4.999999873689376e-05,Entrenamiento_18688
0.7192513346672058,0.9241388440132141,0.7221022248268127,0.6195936799049377,4.999999873689376e-05,Entrenamiento_18688
0.7268907427787781,0.9189311265945435,0.6774657964706421,0.7079295516014099,4.999999873689376e-05,Entrenamiento_18688
0.7276546955108643,0.9115163683891296,0.6623470187187195,0.7068197131156921,4.999999873689376e-05,Entrenamiento_18688
0.7272727489471436,0.9071289300918579,0.6832253336906433,0.6251232624053955,4.999999873689376e-05,Entrenamiento_18688
0.7295645475387573,0.8574939370155334,0.6875450015068054,0.6265760064125061,4.999999873689376e-05,Entrenamiento_18688
0.7333842515945435,0.9064886569976807,0.6493880748748779,0.7439672350883484,4.999999873689376e-05,Entrenamiento_18688
0.7253628969192505,0.9031685590744019,0.675305962562561,0.7024866342544556,4.999999873689376e-05,Entrenamiento_18688
0.740641713142395,0.9029191136360168,0.6918646693229675,0.6848199367523193,4.999999873689376e-05,Entrenamiento_18688
0.7291826009750366,0.9097661375999451,0.6774657964706421,0.6573150753974915,4.999999873689376e-05,Entrenamiento_18688
0.743697464466095,0.8507271409034729,0.705543577671051,0.6084057092666626,2.499999936844688e-05,Entrenamiento_18688
0.7299465537071228,0.9299838542938232,0.6861051321029663,0.6393378376960754,2.499999936844688e-05,Entrenamiento_18688
0.7364400029182434,0.8681772351264954,0.6925845742225647,0.6474730968475342,2.499999936844688e-05,Entrenamiento_18688
0.7467532753944397,0.8657518625259399,0.7084233164787292,0.5870041251182556,2.499999936844688e-05,Entrenamiento_18688
0.7360580563545227,0.8755555152893066,0.702663779258728,0.6018968224525452,2.499999936844688e-05,Entrenamiento_18688
0.7490450739860535,0.8153032064437866,0.7091432809829712,0.5891808867454529,2.499999936844688e-05,Entrenamiento_18688
0.7360580563545227,0.878477156162262,0.700503945350647,0.6088060140609741,2.499999936844688e-05,Entrenamiento_18688
0.7528647780418396,0.8318773508071899,0.7062634825706482,0.6129027009010315,2.499999936844688e-05,Entrenamiento_18688
0.7417876124382019,0.8980012536048889,0.700503945350647,0.6174675226211548,2.499999936844688e-05,Entrenamiento_18688
0.7494270205497742,0.8644667267799377,0.6954643726348877,0.6273056864738464,2.499999936844688e-05,Entrenamiento_18688
0.7570664882659912,0.8320269584655762,0.67314612865448,0.646276593208313,2.499999936844688e-05,Entrenamiento_18688
0.7559205293655396,0.8325547575950623,0.6825054287910461,0.6197999119758606,2.499999936844688e-05,Entrenamiento_18688
0.754392683506012,0.8263595700263977,0.6839452981948853,0.6238701939582825,1.249999968422344e-05,Entrenamiento_18688
0.7505729794502258,0.8373675346374512,0.6825054287910461,0.6121025681495667,1.249999968422344e-05,Entrenamiento_18688
0.7421696186065674,0.8299477696418762,0.6832253336906433,0.6168237328529358,1.249999968422344e-05,Entrenamiento_18688
0.7478991746902466,0.8659608364105225,0.6832253336906433,0.6334413290023804,1.249999968422344e-05,Entrenamiento_18688
0.7368220090866089,0.8616873621940613,0.7077034115791321,0.5962563157081604,1.249999968422344e-05,Entrenamiento_18688
0.7551566362380981,0.8059348464012146,0.7048236131668091,0.6097912192344666,1.249999968422344e-05,Entrenamiento_18688
0.7295645475387573,0.8724639415740967,0.7149028182029724,0.5957584381103516,1.249999968422344e-05,Entrenamiento_18688
0.3189457654953003,2.628779172897339,0.22174225747585297,1.1265262365341187,4.999999873689376e-05,Entrenamiento_86729
0.3288770020008087,2.4758474826812744,0.5457163453102112,1.064197063446045,4.999999873689376e-05,Entrenamiento_86729
0.32582125067710876,2.460449457168579,0.5457163453102112,1.0700817108154297,4.999999873689376e-05,Entrenamiento_86729
0.3231474459171295,2.3740155696868896,0.22174225747585297,1.9189611673355103,4.999999873689376e-05,Entrenamiento_86729
0.3254392743110657,2.3823254108428955,0.22174225747585297,1.175934076309204,4.999999873689376e-05,Entrenamiento_86729
0.34912148118019104,2.3536462783813477,0.5457163453102112,1.033825397491455,4.999999873689376e-05,Entrenamiento_86729
0.31665393710136414,2.3663806915283203,0.5457163453102112,1.0486255884170532,4.999999873689376e-05,Entrenamiento_86729
0.3200916647911072,2.2976253032684326,0.5457163453102112,1.0308537483215332,4.999999873689376e-05,Entrenamiento_86729
0.33231472969055176,2.2800168991088867,0.5457163453102112,1.007536768913269,4.999999873689376e-05,Entrenamiento_86729
0.32811304926872253,2.297534942626953,0.5457163453102112,1.0205010175704956,4.999999873689376e-05,Entrenamiento_86729
0.3250572979450226,2.2632319927215576,0.5457163453102112,1.0700244903564453,4.999999873689376e-05,Entrenamiento_86729
0.3307868540287018,2.2638323307037354,0.23254139721393585,1.1444611549377441,4.999999873689376e-05,Entrenamiento_86729
0.3193277418613434,2.2124276161193848,0.23254139721393585,1.23964262008667,4.999999873689376e-05,Entrenamiento_86729
0.3239113688468933,2.2802135944366455,0.23254139721393585,1.0883715152740479,4.999999873689376e-05,Entrenamiento_86729
0.3120702803134918,2.211081027984619,0.23254139721393585,1.1417006254196167,4.999999873689376e-05,Entrenamiento_86729
0.33919021487236023,2.1833245754241943,0.23254139721393585,1.1246246099472046,4.999999873689376e-05,Entrenamiento_86729
0.32085561752319336,2.1790196895599365,0.23254139721393585,1.1429197788238525,4.999999873689376e-05,Entrenamiento_86729
0.31054240465164185,2.206127166748047,0.23254139721393585,1.2350108623504639,4.999999873689376e-05,Entrenamiento_86729
0.3139801323413849,2.1713812351226807,0.5457163453102112,1.0731103420257568,4.999999873689376e-05,Entrenamiento_86729
0.3399541676044464,2.091073751449585,0.23254139721393585,1.1230123043060303,9.999999747378752e-06,Entrenamiento_86729
0.312834233045578,2.1494128704071045,0.23254139721393585,1.1651618480682373,9.999999747378752e-06,Entrenamiento_86729
0.31665393710136414,2.1175084114074707,0.23254139721393585,1.1629948616027832,9.999999747378752e-06,Entrenamiento_86729
0.3063407242298126,2.12044095993042,0.23254139721393585,1.1532927751541138,9.999999747378752e-06,Entrenamiento_86729
0.31130632758140564,2.1342148780822754,0.23254139721393585,1.146705985069275,9.999999747378752e-06,Entrenamiento_86729
0.31168830394744873,2.1073665618896484,0.23254139721393585,1.1308157444000244,9.999999747378752e-06,Entrenamiento_86729
0.32085561752319336,2.131488561630249,0.23254139721393585,1.1320735216140747,9.999999747378752e-06,Entrenamiento_86729
0.30901452898979187,2.1171610355377197,0.23254139721393585,1.1395891904830933,9.999999747378752e-06,Entrenamiento_86729
0.312834233045578,2.1005570888519287,0.23254139721393585,1.1485607624053955,9.999999747378752e-06,Entrenamiento_86729
0.2967914342880249,2.1940999031066895,0.23254139721393585,1.1385705471038818,9.999999747378752e-06,Entrenamiento_86729
0.3139801323413849,2.1264400482177734,0.23254139721393585,1.1432865858078003,1.9999999949504854e-06,Entrenamiento_86729
0.3197096884250641,2.09161639213562,0.23254139721393585,1.1383262872695923,1.9999999949504854e-06,Entrenamiento_86729
0.3174178898334503,2.13333797454834,0.23254139721393585,1.148283839225769,1.9999999949504854e-06,Entrenamiento_86729
0.32200151681900024,2.134582757949829,0.23254139721393585,1.1492220163345337,1.9999999949504854e-06,Entrenamiento_86729
0.3135981559753418,2.06909441947937,0.23254139721393585,1.1456897258758545,1.9999999949504854e-06,Entrenamiento_86729
0.33155080676078796,2.9869871139526367,0.23254139721393585,1.098923683166504,9.999999747378752e-05,Entrenamiento_65732
0.32696714997291565,2.979398488998413,0.23254139721393585,1.616824746131897,9.999999747378752e-05,Entrenamiento_65732
0.32238349318504333,2.8432395458221436,0.23254139721393585,1.5845816135406494,9.999999747378752e-05,Entrenamiento_65732
0.31588998436927795,2.7562522888183594,0.23254139721393585,1.2239711284637451,9.999999747378752e-05,Entrenamiento_65732
0.3292589783668518,2.726170539855957,0.5457163453102112,1.042702317237854,9.999999747378752e-05,Entrenamiento_65732
0.32773110270500183,2.6730880737304688,0.23254139721393585,1.1959662437438965,9.999999747378752e-05,Entrenamiento_65732
0.3304048776626587,2.5697550773620605,0.23254139721393585,1.1701117753982544,9.999999747378752e-05,Entrenamiento_65732
0.3288770020008087,2.5739030838012695,0.23254139721393585,1.1776859760284424,9.999999747378752e-05,Entrenamiento_65732
0.3292589783668518,2.503066301345825,0.23254139721393585,1.1855226755142212,9.999999747378752e-05,Entrenamiento_65732
0.33804431557655334,2.470115900039673,0.23254139721393585,1.0816153287887573,9.999999747378752e-05,Entrenamiento_65732
0.31550800800323486,2.4427335262298584,0.23254139721393585,1.202396035194397,9.999999747378752e-05,Entrenamiento_65732
0.3418640196323395,2.331101894378662,0.23254139721393585,1.2246564626693726,9.999999747378752e-05,Entrenamiento_65732
0.31550800800323486,2.4317550659179688,0.23254139721393585,1.1704771518707275,9.999999747378752e-05,Entrenamiento_65732
0.3250572979450226,2.4084088802337646,0.23254139721393585,1.286924123764038,9.999999747378752e-05,Entrenamiento_65732
0.3338426351547241,2.3767831325531006,0.23254139721393585,1.1745820045471191,9.999999747378752e-05,Entrenamiento_65732
0.32620319724082947,2.382323980331421,0.23254139721393585,1.1322535276412964,1.9999999494757503e-05,Entrenamiento_65732
0.3124522566795349,2.4307150840759277,0.23254139721393585,1.1344654560089111,1.9999999494757503e-05,Entrenamiento_65732
0.29908326268196106,2.351267099380493,0.23254139721393585,1.130373239517212,1.9999999494757503e-05,Entrenamiento_65732
0.31665393710136414,2.358574390411377,0.23254139721393585,1.1367806196212769,1.9999999494757503e-05,Entrenamiento_65732
0.31665393710136414,2.3635787963867188,0.23254139721393585,1.140049695968628,1.9999999494757503e-05,Entrenamiento_65732
0.32582125067710876,2.342468500137329,0.23254139721393585,1.1409127712249756,1.9999999494757503e-05,Entrenamiento_65732
0.32658517360687256,2.3363211154937744,0.23254139721393585,1.1279270648956299,1.9999999494757503e-05,Entrenamiento_65732
0.3082505762577057,2.371992588043213,0.23254139721393585,1.1326308250427246,1.9999999494757503e-05,Entrenamiento_65732
0.32238349318504333,2.324540376663208,0.23254139721393585,1.1300815343856812,1.9999999494757503e-05,Entrenamiento_65732
0.3342246115207672,2.2849950790405273,0.23254139721393585,1.1268434524536133,1.9999999494757503e-05,Entrenamiento_65732
0.34415584802627563,2.2656149864196777,0.23254139721393585,1.129071831703186,3.999999989900971e-06,Entrenamiento_65732
0.3242933452129364,2.35152530670166,0.23254139721393585,1.1300791501998901,3.999999989900971e-06,Entrenamiento_65732
0.3025210201740265,2.3378987312316895,0.23254139721393585,1.129335880279541,3.999999989900971e-06,Entrenamiento_65732
0.33231472969055176,2.3073699474334717,0.23254139721393585,1.1302117109298706,3.999999989900971e-06,Entrenamiento_65732
0.3292589783668518,2.277275800704956,0.23254139721393585,1.1362836360931396,3.999999989900971e-06,Entrenamiento_65732
0.5564168691635132,1.037070631980896,0.61689293384552,0.7871690988540649,9.999999747378752e-05,Entrenamiento_86730
0.7058570384979248,0.8458821177482605,0.7149321436882019,0.6758338212966919,9.999999747378752e-05,Entrenamiento_86730
0.7571059465408325,0.710390567779541,0.7556561231613159,0.5633244514465332,9.999999747378752e-05,Entrenamiento_86730
0.7497846484184265,0.6888650059700012,0.7496229410171509,0.5690994262695312,9.999999747378752e-05,Entrenamiento_86730
0.7747631072998047,0.6855952143669128,0.773755669593811,0.5312809944152832,9.999999747378752e-05,Entrenamiento_86730
0.7872523665428162,0.6371288299560547,0.7812971472740173,0.5050766468048096,9.999999747378752e-05,Entrenamiento_86730
0.7850990295410156,0.6257947087287903,0.7631976008415222,0.5417889952659607,9.999999747378752e-05,Entrenamiento_86730
0.8066322207450867,0.5984801650047302,0.7752639651298523,0.5138320326805115,9.999999747378752e-05,Entrenamiento_86730
0.8135228157043457,0.5556841492652893,0.7828054428100586,0.499241441488266,9.999999747378752e-05,Entrenamiento_86730
0.7988802790641785,0.5640648007392883,0.7692307829856873,0.5162807106971741,9.999999747378752e-05,Entrenamiento_86730
0.8135228157043457,0.5637775659561157,0.773755669593811,0.49924230575561523,9.999999747378752e-05,Entrenamiento_86730
0.8049095869064331,0.5756784677505493,0.7797888517379761,0.4930756986141205,9.999999747378752e-05,Entrenamiento_86730
0.8294573426246643,0.5258772969245911,0.7782805562019348,0.49033936858177185,9.999999747378752e-05,Entrenamiento_86730
0.8337640166282654,0.5302932858467102,0.7873303294181824,0.4831583499908447,9.999999747378752e-05,Entrenamiento_86730
0.8277347087860107,0.514011025428772,0.7843137383460999,0.487615168094635,9.999999747378752e-05,Entrenamiento_86730
0.8165374398231506,0.5288264155387878,0.7797888517379761,0.49813079833984375,9.999999747378752e-05,Entrenamiento_86730
0.8376399874687195,0.4961302876472473,0.7797888517379761,0.4834889769554138,9.999999747378752e-05,Entrenamiento_86730
0.8419466018676758,0.4663316309452057,0.7828054428100586,0.5003198981285095,9.999999747378752e-05,Entrenamiento_86730
0.8415159583091736,0.4643266201019287,0.7858220338821411,0.4864831566810608,9.999999747378752e-05,Entrenamiento_86730
0.835486650466919,0.46951621770858765,0.7797888517379761,0.4883216321468353,9.999999747378752e-05,Entrenamiento_86730
0.8449612259864807,0.44459736347198486,0.7918552160263062,0.4912968873977661,9.999999747378752e-05,Entrenamiento_86730
0.859603762626648,0.4207077622413635,0.7843137383460999,0.4926680624485016,9.999999747378752e-05,Entrenamiento_86730
0.8591731190681458,0.42478570342063904,0.7828054428100586,0.4897279143333435,1.9999999494757503e-05,Entrenamiento_86730
0.8604651093482971,0.4161538779735565,0.7843137383460999,0.48939719796180725,1.9999999494757503e-05,Entrenamiento_86730
0.863479733467102,0.4036865830421448,0.7858220338821411,0.4916161000728607,1.9999999494757503e-05,Entrenamiento_86730
0.8686476945877075,0.4054485857486725,0.7903469204902649,0.49208858609199524,1.9999999494757503e-05,Entrenamiento_86730
0.8626184463500977,0.40108180046081543,0.7918552160263062,0.4935155510902405,1.9999999494757503e-05,Entrenamiento_86730
0.8789836168289185,0.38801997900009155,0.7918552160263062,0.49578407406806946,1.9999999494757503e-05,Entrenamiento_86730
0.8699396848678589,0.38933226466178894,0.7918552160263062,0.4956795275211334,1.9999999494757503e-05,Entrenamiento_86730
0.3527131676673889,2.0394985675811768,0.3333333432674408,1.7651445865631104,9.999999747378752e-05,Entrenamiento_86731
0.32773470878601074,1.9870197772979736,0.3333333432674408,1.7281851768493652,9.999999747378752e-05,Entrenamiento_86731
0.3522825241088867,1.9195750951766968,0.5248869061470032,1.6904242038726807,9.999999747378752e-05,Entrenamiento_86731
0.3578811287879944,1.8329888582229614,0.3333333432674408,1.648856520652771,9.999999747378752e-05,Entrenamiento_86731
0.38673555850982666,1.7751877307891846,0.3891402781009674,1.6075817346572876,9.999999747378752e-05,Entrenamiento_86731
0.39793282747268677,1.7068493366241455,0.4162895977497101,1.5641816854476929,9.999999747378752e-05,Entrenamiento_86731
0.4160206615924835,1.6982405185699463,0.6048265695571899,1.4889276027679443,9.999999747378752e-05,Entrenamiento_86731
0.4358311891555786,1.6353175640106201,0.6214178204536438,1.457934021949768,9.999999747378752e-05,Entrenamiento_86731
0.4276485741138458,1.617165207862854,0.6349924802780151,1.3886395692825317,9.999999747378752e-05,Entrenamiento_86731
0.4491817355155945,1.5753107070922852,0.6968325972557068,1.2662954330444336,9.999999747378752e-05,Entrenamiento_86731
0.4409991502761841,1.5508215427398682,0.7300150990486145,1.1991629600524902,9.999999747378752e-05,Entrenamiento_86731
0.4840654730796814,1.4720053672790527,0.6500754356384277,1.2065868377685547,9.999999747378752e-05,Entrenamiento_86731
0.44186046719551086,1.5184775590896606,0.7104072570800781,1.143669605255127,9.999999747378752e-05,Entrenamiento_86731
0.46985357999801636,1.4493528604507446,0.7224736213684082,1.103304386138916,9.999999747378752e-05,Entrenamiento_86731
0.48148149251937866,1.409318447113037,0.7466063499450684,1.074187994003296,9.999999747378752e-05,Entrenamiento_86731
0.4922480583190918,1.405631184577942,0.7466063499450684,1.1011686325073242,9.999999747378752e-05,Entrenamiento_86731
0.4788975119590759,1.3927299976348877,0.7104072570800781,1.1083366870880127,9.999999747378752e-05,Entrenamiento_86731
0.4931093752384186,1.363629698753357,0.7586727142333984,0.992175281047821,9.999999747378752e-05,Entrenamiento_86731
0.5124892592430115,1.3344990015029907,0.7300150990486145,1.0335081815719604,9.999999747378752e-05,Entrenamiento_86731
0.48277348279953003,1.3449296951293945,0.692307710647583,1.1666923761367798,9.999999747378752e-05,Entrenamiento_86731
0.5047373175621033,1.3203544616699219,0.7496229410171509,1.0677320957183838,9.999999747378752e-05,Entrenamiento_86731
0.4879414439201355,1.3175073862075806,0.7420814633369446,1.0425561666488647,9.999999747378752e-05,Entrenamiento_86731
0.49095606803894043,1.3050024509429932,0.7209653258323669,1.048311710357666,9.999999747378752e-05,Entrenamiento_86731
0.4965547025203705,1.3079924583435059,0.7450980544090271,0.9988054633140564,9.999999747378752e-05,Entrenamiento_86731
0.49397072196006775,1.3148372173309326,0.7285068035125732,1.007956624031067,9.999999747378752e-05,Entrenamiento_86731
0.47760552167892456,1.2988862991333008,0.7556561231613159,0.9537495970726013,9.999999747378752e-05,Entrenamiento_86731
0.48277348279953003,1.280002474784851,0.7631976008415222,0.9922124743461609,9.999999747378752e-05,Entrenamiento_86731
0.4810508191585541,1.2567273378372192,0.7466063499450684,0.9498509168624878,9.999999747378752e-05,Entrenamiento_86731
0.4728682041168213,1.2713185548782349,0.7405731678009033,0.9635328054428101,9.999999747378752e-05,Entrenamiento_86731
0.49354004859924316,1.2411450147628784,0.7496229410171509,0.963586151599884,9.999999747378752e-05,Entrenamiento_86731
0.5012919902801514,1.2470684051513672,0.7466063499450684,0.9697466492652893,9.999999747378752e-05,Entrenamiento_86731
0.5064599514007568,1.2280333042144775,0.7481146454811096,0.9210376143455505,9.999999747378752e-05,Entrenamiento_86731
0.4961240291595459,1.223502278327942,0.7119155526161194,0.9825707077980042,9.999999747378752e-05,Entrenamiento_86731
0.5111972689628601,1.2183531522750854,0.7662141919136047,0.9031569361686707,9.999999747378752e-05,Entrenamiento_86731
0.5025839805603027,1.213301420211792,0.7134238481521606,0.9607330560684204,9.999999747378752e-05,Entrenamiento_86731
0.49784669280052185,1.2006767988204956,0.6621417999267578,1.063707947731018,9.999999747378752e-05,Entrenamiento_86731
0.5163652300834656,1.1869102716445923,0.7571644186973572,0.8949702978134155,9.999999747378752e-05,Entrenamiento_86731
0.5051679611206055,1.1751044988632202,0.7556561231613159,0.9152700304985046,9.999999747378752e-05,Entrenamiento_86731
0.5129199028015137,1.1906965970993042,0.7450980544090271,0.883384108543396,9.999999747378752e-05,Entrenamiento_86731
0.49870800971984863,1.1880213022232056,0.6802413463592529,0.9907461404800415,9.999999747378752e-05,Entrenamiento_86731
0.5211024880409241,1.1592211723327637,0.7556561231613159,0.8456839919090271,9.999999747378752e-05,Entrenamiento_86731
0.49870800971984863,1.1777187585830688,0.7239819169044495,0.9210783839225769,9.999999747378752e-05,Entrenamiento_86731
0.5163652300834656,1.1756380796432495,0.7194570302963257,0.9135298728942871,9.999999747378752e-05,Entrenamiento_86731
0.5043066143989563,1.1820937395095825,0.7224736213684082,0.8773159384727478,9.999999747378752e-05,Entrenamiento_86731
0.5137812495231628,1.161301851272583,0.7285068035125732,0.8649590015411377,9.999999747378752e-05,Entrenamiento_86731
0.5129199028015137,1.173479676246643,0.7390648722648621,0.8680715560913086,9.999999747378752e-05,Entrenamiento_86731
0.5086132884025574,1.1470699310302734,0.7390648722648621,0.8840420246124268,9.999999747378752e-05,Entrenamiento_86731
0.5107665657997131,1.1452242136001587,0.7662141919136047,0.8890641331672668,9.999999747378752e-05,Entrenamiento_86731
0.5180878639221191,1.1304982900619507,0.7541478276252747,0.836341381072998,9.999999747378752e-05,Entrenamiento_86731
0.5107665657997131,1.1578338146209717,0.7647058963775635,0.8542270660400391,9.999999747378752e-05,Entrenamiento_86731
0.5353143811225891,1.1168736219406128,0.7466063499450684,0.8250396251678467,9.999999747378752e-05,Entrenamiento_86731
0.49741601943969727,1.1665369272232056,0.7511312365531921,0.8375812768936157,9.999999747378752e-05,Entrenamiento_86731
0.5219638347625732,1.1278691291809082,0.7586727142333984,0.8429820537567139,9.999999747378752e-05,Entrenamiento_86731
0.5288544297218323,1.1192697286605835,0.7692307829856873,0.8035604357719421,9.999999747378752e-05,Entrenamiento_86731
0.5038759708404541,1.1452268362045288,0.7496229410171509,0.8538659811019897,9.999999747378752e-05,Entrenamiento_86731
0.514211893081665,1.1209478378295898,0.7601810097694397,0.8316210508346558,9.999999747378752e-05,Entrenamiento_86731
0.5271317958831787,1.1316545009613037,0.7375565767288208,0.8935979604721069,9.999999747378752e-05,Entrenamiento_86731
0.5150732398033142,1.131546139717102,0.6968325972557068,0.908923327922821,9.999999747378752e-05,Entrenamiento_86731
0.5060293078422546,1.1399390697479248,0.7692307829856873,0.8118488788604736,9.999999747378752e-05,Entrenamiento_86731
0.5116279125213623,1.1353747844696045,0.7194570302963257,0.9136337637901306,9.999999747378752e-05,Entrenamiento_86731
0.5189492106437683,1.1254340410232544,0.6274510025978088,1.023068904876709,9.999999747378752e-05,Entrenamiento_86731
0.5366063714027405,1.1095060110092163,0.7556561231613159,0.8171322345733643,9.999999747378752e-05,Entrenamiento_86731
0.5288544297218323,1.0982434749603271,0.767722487449646,0.7704066038131714,1.9999999494757503e-05,Entrenamiento_86731
0.5374677181243896,1.0755795240402222,0.7541478276252747,0.7852494120597839,1.9999999494757503e-05,Entrenamiento_86731
0.5284237861633301,1.0815540552139282,0.7707390785217285,0.7792314887046814,1.9999999494757503e-05,Entrenamiento_86731
0.5211024880409241,1.088340163230896,0.7752639651298523,0.7583844065666199,1.9999999494757503e-05,Entrenamiento_86731
0.5254091024398804,1.0863479375839233,0.7782805562019348,0.7597053050994873,1.9999999494757503e-05,Entrenamiento_86731
0.5516796112060547,1.0436851978302002,0.7601810097694397,0.7772502303123474,1.9999999494757503e-05,Entrenamiento_86731
0.5473729372024536,1.0710042715072632,0.7843137383460999,0.7615603804588318,1.9999999494757503e-05,Entrenamiento_86731
0.5232558250427246,1.0672733783721924,0.7662141919136047,0.7677087783813477,1.9999999494757503e-05,Entrenamiento_86731
0.5430663228034973,1.0520737171173096,0.7797888517379761,0.7581796050071716,1.9999999494757503e-05,Entrenamiento_86731
0.5473729372024536,1.0472753047943115,0.7692307829856873,0.7620106935501099,1.9999999494757503e-05,Entrenamiento_86731
0.5331610441207886,1.0527926683425903,0.7662141919136047,0.7605025768280029,1.9999999494757503e-05,Entrenamiento_86731
0.5404823422431946,1.0463167428970337,0.7752639651298523,0.7518216967582703,1.9999999494757503e-05,Entrenamiento_86731
0.5374677181243896,1.0668460130691528,0.7722473740577698,0.7352103590965271,1.9999999494757503e-05,Entrenamiento_86731
0.5525408983230591,1.0530658960342407,0.761689305305481,0.7642530798912048,1.9999999494757503e-05,Entrenamiento_86731
0.5288544297218323,1.0394620895385742,0.7752639651298523,0.7303212285041809,1.9999999494757503e-05,Entrenamiento_86731
0.5503876209259033,1.02985417842865,0.7662141919136047,0.7625035047531128,1.9999999494757503e-05,Entrenamiento_86731
0.549095630645752,1.0646854639053345,0.7873303294181824,0.7292429804801941,1.9999999494757503e-05,Entrenamiento_86731
0.552971601486206,1.0225856304168701,0.7888386249542236,0.7197665572166443,1.9999999494757503e-05,Entrenamiento_86731
0.5391903519630432,1.0329222679138184,0.767722487449646,0.7383000254631042,1.9999999494757503e-05,Entrenamiento_86731
0.5585702061653137,1.0137267112731934,0.7858220338821411,0.7167137265205383,1.9999999494757503e-05,Entrenamiento_86731
0.5378983616828918,1.0299067497253418,0.7556561231613159,0.7348132133483887,1.9999999494757503e-05,Entrenamiento_86731
0.5538328886032104,1.008109450340271,0.7556561231613159,0.7365484833717346,1.9999999494757503e-05,Entrenamiento_86731
0.5456503033638,1.0294630527496338,0.7571644186973572,0.7458066344261169,1.9999999494757503e-05,Entrenamiento_86731
0.5534022450447083,1.0034164190292358,0.7722473740577698,0.731448769569397,1.9999999494757503e-05,Entrenamiento_86731
0.5585702061653137,1.0107568502426147,0.7631976008415222,0.7322835326194763,1.9999999494757503e-05,Entrenamiento_86731
0.5667527914047241,1.0015777349472046,0.7752639651298523,0.7167747616767883,1.9999999494757503e-05,Entrenamiento_86731
0.5452196598052979,1.0264915227890015,0.761689305305481,0.7185201048851013,1.9999999494757503e-05,Entrenamiento_86731
0.5391903519630432,1.018078327178955,0.7526395320892334,0.72931969165802,1.9999999494757503e-05,Entrenamiento_86731
0.5538328886032104,0.9985840320587158,0.7662141919136047,0.7217773199081421,3.999999989900971e-06,Entrenamiento_86731
0.5624461770057678,1.0067710876464844,0.7631976008415222,0.7213303446769714,3.999999989900971e-06,Entrenamiento_86731
0.5684754252433777,1.0004545450210571,0.761689305305481,0.7220664620399475,3.999999989900971e-06,Entrenamiento_86731
0.5585702061653137,1.0080655813217163,0.767722487449646,0.7105556726455688,3.999999989900971e-06,Entrenamiento_86731
0.5555555820465088,1.0051013231277466,0.767722487449646,0.7087414860725403,3.999999989900971e-06,Entrenamiento_86731
0.5542635917663574,1.0012264251708984,0.7797888517379761,0.7058464288711548,3.999999989900971e-06,Entrenamiento_86731
0.5503876209259033,1.0094791650772095,0.7662141919136047,0.7113834619522095,3.999999989900971e-06,Entrenamiento_86731
0.5400516986846924,1.0187935829162598,0.7767722606658936,0.702033519744873,3.999999989900971e-06,Entrenamiento_86731
0.5525408983230591,1.0197111368179321,0.7601810097694397,0.7120841145515442,3.999999989900971e-06,Entrenamiento_86731
0.5590008497238159,1.0104385614395142,0.7647058963775635,0.7083732485771179,3.999999989900971e-06,Entrenamiento_86731
0.5542635917663574,1.023721694946289,0.7722473740577698,0.7054356932640076,3.999999989900971e-06,Entrenamiento_86731
0.5598621964454651,0.9894843101501465,0.767722487449646,0.7042968273162842,3.999999989900971e-06,Entrenamiento_86731
0.5348837375640869,1.0198612213134766,0.7662141919136047,0.7024796009063721,3.999999989900971e-06,Entrenamiento_86731
0.5378983616828918,1.0052939653396606,0.7662141919136047,0.7013461589813232,3.999999989900971e-06,Entrenamiento_86731
0.5331610441207886,1.015570878982544,0.7556561231613159,0.7101340293884277,3.999999989900971e-06,Entrenamiento_86731
0.5663221478462219,1.001509189605713,0.7466063499450684,0.7174631357192993,3.999999989900971e-06,Entrenamiento_86731
0.5366063714027405,1.017745018005371,0.7481146454811096,0.7153971791267395,3.999999989900971e-06,Entrenamiento_86731
0.5404823422431946,1.0067607164382935,0.7466063499450684,0.7285985946655273,3.999999989900971e-06,Entrenamiento_86731
0.5546942353248596,0.9976503849029541,0.7481146454811096,0.7335126996040344,3.999999989900971e-06,Entrenamiento_86731
0.5503876209259033,0.9903141856193542,0.7450980544090271,0.7316915392875671,3.999999989900971e-06,Entrenamiento_86731
0.5602928400039673,0.992883563041687,0.7481146454811096,0.7177028656005859,3.999999989900971e-06,Entrenamiento_86731
0.5766580700874329,0.983575701713562,0.7496229410171509,0.712772786617279,3.999999989900971e-06,Entrenamiento_86731
0.5572782158851624,0.9968118667602539,0.7601810097694397,0.7042083740234375,8.000000093488779e-07,Entrenamiento_86731
0.5611541867256165,0.9923816919326782,0.7586727142333984,0.7041168808937073,8.000000093488779e-07,Entrenamiento_86731
0.5275624394416809,1.0256876945495605,0.7556561231613159,0.7020314931869507,8.000000093488779e-07,Entrenamiento_86731
0.5538328886032104,0.9790797233581543,0.7662141919136047,0.7011106014251709,8.000000093488779e-07,Entrenamiento_86731
0.5831180214881897,0.9694433212280273,0.7707390785217285,0.7040361166000366,8.000000093488779e-07,Entrenamiento_86731
0.5710594058036804,0.977497398853302,0.761689305305481,0.7067816257476807,8.000000093488779e-07,Entrenamiento_86731
0.5667527914047241,0.9805137515068054,0.7571644186973572,0.7078761458396912,8.000000093488779e-07,Entrenamiento_86731
0.5637381672859192,0.986027181148529,0.7526395320892334,0.7119543552398682,8.000000093488779e-07,Entrenamiento_86731
0.5620155334472656,0.9722256064414978,0.7511312365531921,0.7136406898498535,8.000000093488779e-07,Entrenamiento_86731
0.5779500603675842,0.9712175726890564,0.7541478276252747,0.7162984013557434,8.000000093488779e-07,Entrenamiento_86731
0.573212742805481,0.9859345555305481,0.7526395320892334,0.7177640199661255,8.000000093488779e-07,Entrenamiento_86731
0.5512489080429077,1.0008430480957031,0.7481146454811096,0.7200806140899658,8.000000093488779e-07,Entrenamiento_86731
0.5508182644844055,0.9993436932563782,0.7526395320892334,0.7147172093391418,1.5999999902760464e-07,Entrenamiento_86731
0.5602928400039673,1.007131576538086,0.7481146454811096,0.7169689536094666,1.5999999902760464e-07,Entrenamiento_86731
0.5564168691635132,0.9984440803527832,0.7496229410171509,0.7153589129447937,1.5999999902760464e-07,Entrenamiento_86731
0.5482342839241028,0.9952232837677002,0.7541478276252747,0.7132195234298706,1.5999999902760464e-07,Entrenamiento_86731
0.5637381672859192,0.9855029582977295,0.7526395320892334,0.7130487561225891,1.5999999902760464e-07,Entrenamiento_86731
0.5499569177627563,1.0095384120941162,0.7541478276252747,0.7134079933166504,1.5999999902760464e-07,Entrenamiento_86731
0.5719207525253296,1.0052056312561035,0.7556561231613159,0.7133997678756714,1.5999999902760464e-07,Entrenamiento_86731
0.47071489691734314,1.429514765739441,0.726998507976532,0.8042312264442444,9.999999747378752e-05,Entrenamiento_86732
0.5727820992469788,1.1382955312728882,0.7812971472740173,0.6869264245033264,9.999999747378752e-05,Entrenamiento_86732
0.6033591628074646,1.0604438781738281,0.7767722606658936,0.6177821755409241,9.999999747378752e-05,Entrenamiento_86732
0.6520240902900696,0.9330824613571167,0.7948718070983887,0.5594713687896729,9.999999747378752e-05,Entrenamiento_86732
0.6442722082138062,0.9483706951141357,0.8054298758506775,0.5286547541618347,9.999999747378752e-05,Entrenamiento_86732
0.660637378692627,0.8647347092628479,0.8190045356750488,0.5011025071144104,9.999999747378752e-05,Entrenamiento_86732
0.6429802179336548,0.8782742619514465,0.8235294222831726,0.4938254654407501,9.999999747378752e-05,Entrenamiento_86732
0.6658053398132324,0.8172758221626282,0.8190045356750488,0.48380082845687866,9.999999747378752e-05,Entrenamiento_86732
0.6744186282157898,0.8191367387771606,0.8114630579948425,0.4800169765949249,9.999999747378752e-05,Entrenamiento_86732
0.6860465407371521,0.7843003273010254,0.8174962401390076,0.4753607511520386,9.999999747378752e-05,Entrenamiento_86732
0.6946597695350647,0.7369866371154785,0.814479649066925,0.47055453062057495,9.999999747378752e-05,Entrenamiento_86732
0.6955211162567139,0.7371302843093872,0.8205128312110901,0.47101014852523804,9.999999747378752e-05,Entrenamiento_86732
0.7028423547744751,0.7317044734954834,0.8205128312110901,0.46864086389541626,9.999999747378752e-05,Entrenamiento_86732
0.6981050968170166,0.7235815525054932,0.8159879446029663,0.4683883488178253,9.999999747378752e-05,Entrenamiento_86732
0.7019810676574707,0.7065703272819519,0.8205128312110901,0.4645563066005707,9.999999747378752e-05,Entrenamiento_86732
0.7110249996185303,0.7076614499092102,0.8159879446029663,0.4654979109764099,9.999999747378752e-05,Entrenamiento_86732
0.7019810676574707,0.6962055563926697,0.814479649066925,0.45965778827667236,9.999999747378752e-05,Entrenamiento_86732
0.7144702672958374,0.6952330470085144,0.8310708999633789,0.4590155780315399,9.999999747378752e-05,Entrenamiento_86732
0.7149009704589844,0.6640150547027588,0.8310708999633789,0.45798227190971375,9.999999747378752e-05,Entrenamiento_86732
0.7222222089767456,0.6630941033363342,0.8310708999633789,0.4548404812812805,9.999999747378752e-05,Entrenamiento_86732
0.7161929607391357,0.6664485931396484,0.8325791954994202,0.4536896049976349,9.999999747378752e-05,Entrenamiento_86732
0.7342807650566101,0.637277364730835,0.8355957865715027,0.4506385624408722,9.999999747378752e-05,Entrenamiento_86732
0.7390180826187134,0.6384689211845398,0.8280543088912964,0.4521368443965912,9.999999747378752e-05,Entrenamiento_86732
0.7226529121398926,0.6330978274345398,0.8280543088912964,0.4558577239513397,9.999999747378752e-05,Entrenamiento_86732
0.7394487261772156,0.6223746538162231,0.8295626044273376,0.45540332794189453,9.999999747378752e-05,Entrenamiento_86732
0.7467700242996216,0.5955281853675842,0.8280543088912964,0.4515305757522583,9.999999747378752e-05,Entrenamiento_86732
0.7437554001808167,0.5888823866844177,0.8310708999633789,0.44755205512046814,9.999999747378752e-05,Entrenamiento_86732
0.7411714196205139,0.6118972897529602,0.8235294222831726,0.4497919976711273,9.999999747378752e-05,Entrenamiento_86732
0.7566753029823303,0.5884755253791809,0.8235294222831726,0.4488471448421478,9.999999747378752e-05,Entrenamiento_86732
0.7472006678581238,0.5994718074798584,0.8265460133552551,0.44596758484840393,9.999999747378752e-05,Entrenamiento_86732
0.7566753029823303,0.5761505365371704,0.8280543088912964,0.44346317648887634,9.999999747378752e-05,Entrenamiento_86732
0.7579672932624817,0.5744996666908264,0.8325791954994202,0.45035552978515625,9.999999747378752e-05,Entrenamiento_86732
0.7588285803794861,0.5693449378013611,0.8265460133552551,0.44565850496292114,9.999999747378752e-05,Entrenamiento_86732
0.7545219659805298,0.5765446424484253,0.8310708999633789,0.4471818506717682,9.999999747378752e-05,Entrenamiento_86732
0.7605512738227844,0.5676296949386597,0.8355957865715027,0.44329139590263367,9.999999747378752e-05,Entrenamiento_86732
0.7635658979415894,0.5725334286689758,0.8340874910354614,0.4450991451740265,9.999999747378752e-05,Entrenamiento_86732
0.7540913224220276,0.5586557984352112,0.8280543088912964,0.4454196095466614,9.999999747378752e-05,Entrenamiento_86732
0.7730404734611511,0.5486002564430237,0.8295626044273376,0.4498215615749359,9.999999747378752e-05,Entrenamiento_86732
0.7579672932624817,0.5512617826461792,0.8355957865715027,0.4441829323768616,9.999999747378752e-05,Entrenamiento_86732
0.7571059465408325,0.5668280720710754,0.8401206731796265,0.4424232840538025,9.999999747378752e-05,Entrenamiento_86732
0.7747631072998047,0.531181812286377,0.8355957865715027,0.4408780038356781,9.999999747378752e-05,Entrenamiento_86732
0.7618432641029358,0.550931453704834,0.8355957865715027,0.4426383674144745,9.999999747378752e-05,Entrenamiento_86732
0.7605512738227844,0.5444841980934143,0.8325791954994202,0.4429938495159149,9.999999747378752e-05,Entrenamiento_86732
0.7743324637413025,0.5289190411567688,0.8295626044273376,0.43916890025138855,9.999999747378752e-05,Entrenamiento_86732
0.7838070392608643,0.5162357091903687,0.8280543088912964,0.43961262702941895,9.999999747378752e-05,Entrenamiento_86732
0.7846683859825134,0.5252572894096375,0.8295626044273376,0.443682461977005,9.999999747378752e-05,Entrenamiento_86732
0.7704564929008484,0.5242709517478943,0.8355957865715027,0.44467559456825256,9.999999747378752e-05,Entrenamiento_86732
0.7838070392608643,0.5408908724784851,0.837104082107544,0.4410654604434967,9.999999747378752e-05,Entrenamiento_86732
0.7954349517822266,0.4915105998516083,0.8386123776435852,0.4380761384963989,9.999999747378752e-05,Entrenamiento_86732
0.7820844054222107,0.5261562466621399,0.8401206731796265,0.4383082687854767,9.999999747378752e-05,Entrenamiento_86732
0.793712317943573,0.4947831928730011,0.8355957865715027,0.43952488899230957,9.999999747378752e-05,Entrenamiento_86732
0.7902669906616211,0.5110102295875549,0.8401206731796265,0.4401823580265045,9.999999747378752e-05,Entrenamiento_86732
0.779500424861908,0.5064820647239685,0.8280543088912964,0.4472154676914215,9.999999747378752e-05,Entrenamiento_86732
0.7898363471031189,0.47363507747650146,0.8340874910354614,0.44385093450546265,9.999999747378752e-05,Entrenamiento_86732
0.8118001818656921,0.4646298885345459,0.837104082107544,0.44589996337890625,9.999999747378752e-05,Entrenamiento_86732
0.7975882887840271,0.4955149292945862,0.8340874910354614,0.44269755482673645,9.999999747378752e-05,Entrenamiento_86732
0.7984496355056763,0.46903368830680847,0.8416289687156677,0.44774359464645386,9.999999747378752e-05,Entrenamiento_86732
0.7945736646652222,0.4817575216293335,0.843137264251709,0.4442482590675354,1.9999999494757503e-05,Entrenamiento_86732
0.7928509712219238,0.4849575459957123,0.8355957865715027,0.44246742129325867,1.9999999494757503e-05,Entrenamiento_86732
0.7950043082237244,0.4940899610519409,0.8310708999633789,0.44326797127723694,1.9999999494757503e-05,Entrenamiento_86732
0.8040482401847839,0.46980735659599304,0.8280543088912964,0.4427982270717621,1.9999999494757503e-05,Entrenamiento_86732
0.7975882887840271,0.48835688829421997,0.8265460133552551,0.44341540336608887,1.9999999494757503e-05,Entrenamiento_86732
0.8118001818656921,0.45745518803596497,0.8295626044273376,0.44312480092048645,1.9999999494757503e-05,Entrenamiento_86732
0.8100775480270386,0.45896002650260925,0.8265460133552551,0.4423830807209015,1.9999999494757503e-05,Entrenamiento_86732
0.7071490287780762,0.8809611797332764,0.5384615659713745,0.8796648979187012,9.999999747378752e-05,Entrenamiento_86733
0.7273901700973511,0.7556925415992737,0.4464555084705353,1.1697956323623657,9.999999747378752e-05,Entrenamiento_86733
0.7334194779396057,0.7167195677757263,0.8069381713867188,0.5171073079109192,9.999999747378752e-05,Entrenamiento_86733
0.7329887747764587,0.6790639758110046,0.8220211267471313,0.4532274305820465,9.999999747378752e-05,Entrenamiento_86733
0.7627045512199402,0.642587423324585,0.8099547624588013,1.1151888370513916,9.999999747378752e-05,Entrenamiento_86733
0.7312661409378052,0.6684967875480652,0.8174962401390076,0.8214454054832458,9.999999747378752e-05,Entrenamiento_86733
0.7493540048599243,0.6226352453231812,0.6832579374313354,0.6934799551963806,9.999999747378752e-05,Entrenamiento_86733
0.7273901700973511,0.6957015991210938,0.7601810097694397,0.7659566402435303,9.999999747378752e-05,Entrenamiento_86733
0.754952609539032,0.6134540438652039,0.8114630579948425,0.492462158203125,9.999999747378752e-05,Entrenamiento_86733
0.7635658979415894,0.6255548596382141,0.7797888517379761,0.5925766229629517,9.999999747378752e-05,Entrenamiento_86733
0.7536606192588806,0.630147397518158,0.8325791954994202,0.45134010910987854,9.999999747378752e-05,Entrenamiento_86733
0.7838070392608643,0.5615623593330383,0.8250377178192139,0.5493249893188477,9.999999747378752e-05,Entrenamiento_86733
0.7971576452255249,0.5643037557601929,0.8114630579948425,0.4656241238117218,9.999999747378752e-05,Entrenamiento_86733
0.7708871364593506,0.5873260498046875,0.7631976008415222,0.624140202999115,9.999999747378752e-05,Entrenamiento_86733
0.801033616065979,0.5536012649536133,0.8069381713867188,0.4708317220211029,9.999999747378752e-05,Entrenamiento_86733
0.7782084345817566,0.59272700548172,0.7073906660079956,1.090203881263733,9.999999747378752e-05,Entrenamiento_86733
0.7842377424240112,0.5534535646438599,0.7888386249542236,0.6039870381355286,9.999999747378752e-05,Entrenamiento_86733
0.7915589809417725,0.5141907930374146,0.8190045356750488,0.6062059998512268,9.999999747378752e-05,Entrenamiento_86733
0.7842377424240112,0.5496525168418884,0.7058823704719543,1.9261139631271362,9.999999747378752e-05,Entrenamiento_86733
0.7700258493423462,0.5695351958274841,0.7812971472740173,0.6412206888198853,1.9999999494757503e-05,Entrenamiento_86733
0.8118001818656921,0.4692261517047882,0.8642534017562866,0.3860432207584381,1.9999999494757503e-05,Entrenamiento_86733
0.8255813717842102,0.46053633093833923,0.8521870374679565,0.4210819900035858,1.9999999494757503e-05,Entrenamiento_86733
0.8311800360679626,0.42150595784187317,0.8461538553237915,0.41424059867858887,1.9999999494757503e-05,Entrenamiento_86733
0.8445305824279785,0.4237639307975769,0.8340874910354614,0.4466303586959839,1.9999999494757503e-05,Entrenamiento_86733
0.8604651093482971,0.3678264915943146,0.8220211267471313,0.48073968291282654,1.9999999494757503e-05,Entrenamiento_86733
0.8410852551460266,0.41525980830192566,0.8552036285400391,0.4161941409111023,1.9999999494757503e-05,Entrenamiento_86733
0.8527131676673889,0.3862072229385376,0.8355957865715027,0.44022858142852783,1.9999999494757503e-05,Entrenamiento_86733
0.87424635887146,0.3424796760082245,0.8280543088912964,0.4521191120147705,1.9999999494757503e-05,Entrenamiento_86733
0.8716623783111572,0.34184548258781433,0.80844646692276,0.540276050567627,1.9999999494757503e-05,Entrenamiento_86733
0.8716623783111572,0.32975587248802185,0.8310708999633789,0.4327126145362854,3.999999989900971e-06,Entrenamiento_86733
0.8845822811126709,0.31986820697784424,0.8280543088912964,0.4364444613456726,3.999999989900971e-06,Entrenamiento_86733
0.888458251953125,0.3052937984466553,0.8174962401390076,0.44460034370422363,3.999999989900971e-06,Entrenamiento_86733
0.8979328274726868,0.2851800322532654,0.8235294222831726,0.4432733356952667,3.999999989900971e-06,Entrenamiento_86733
0.895348846912384,0.284793496131897,0.8129713535308838,0.45052286982536316,3.999999989900971e-06,Entrenamiento_86733
0.8944875001907349,0.2877890467643738,0.8190045356750488,0.44940152764320374,3.999999989900971e-06,Entrenamiento_86733
0.9031007885932922,0.2797617018222809,0.8159879446029663,0.455138236284256,3.999999989900971e-06,Entrenamiento_86733
0.6335055828094482,0.17542427778244019,0.7285068035125732,0.13150252401828766,9.999999747378752e-05,Entrenamiento_86734
0.6963824033737183,0.09340747445821762,0.6410256624221802,0.06709690392017365,9.999999747378752e-05,Entrenamiento_86734
0.7105942964553833,0.08520215004682541,0.7918552160263062,0.04287884384393692,9.999999747378752e-05,Entrenamiento_86734
0.7222222089767456,0.08116202801465988,0.767722487449646,0.05130496248602867,9.999999747378752e-05,Entrenamiento_86734
0.737726092338562,0.07183344662189484,0.7933635115623474,0.04468804970383644,9.999999747378752e-05,Entrenamiento_86734
0.7243755459785461,0.07863634079694748,0.6877828240394592,0.059839844703674316,9.999999747378752e-05,Entrenamiento_86734
0.7411714196205139,0.06551563739776611,0.7586727142333984,0.0490206740796566,9.999999747378752e-05,Entrenamiento_86734
0.737726092338562,0.0653311088681221,0.767722487449646,0.1049932986497879,9.999999747378752e-05,Entrenamiento_86734
0.744616687297821,0.06101103127002716,0.7993966937065125,0.04567372426390648,9.999999747378752e-05,Entrenamiento_86734
0.7618432641029358,0.059869710355997086,0.7948718070983887,0.044771790504455566,9.999999747378752e-05,Entrenamiento_86734
0.7739018201828003,0.061534333974123,0.8325791954994202,0.038327645510435104,9.999999747378752e-05,Entrenamiento_86734
0.7670112252235413,0.06183183938264847,0.7797888517379761,0.04506760463118553,9.999999747378752e-05,Entrenamiento_86734
0.7558139562606812,0.058370500802993774,0.7858220338821411,0.04214228689670563,9.999999747378752e-05,Entrenamiento_86734
0.7769164443016052,0.051379501819610596,0.7978883981704712,0.03777272254228592,9.999999747378752e-05,Entrenamiento_86734
0.7902669906616211,0.05012520030140877,0.7843137383460999,0.04765676334500313,9.999999747378752e-05,Entrenamiento_86734
0.7906976938247681,0.04761666804552078,0.8129713535308838,0.049533285200595856,9.999999747378752e-05,Entrenamiento_86734
0.7820844054222107,0.048818439245224,0.8340874910354614,0.0415080301463604,9.999999747378752e-05,Entrenamiento_86734
0.7962962985038757,0.04706412926316261,0.843137264251709,0.037216611206531525,9.999999747378752e-05,Entrenamiento_86734
0.7876830101013184,0.05294355750083923,0.8129713535308838,0.03728547692298889,9.999999747378752e-05,Entrenamiento_86734
0.8001722693443298,0.04928788170218468,0.8265460133552551,0.03794002905488014,9.999999747378752e-05,Entrenamiento_86734
0.8049095869064331,0.04648173227906227,0.7978883981704712,0.04966239258646965,9.999999747378752e-05,Entrenamiento_86734
0.7975882887840271,0.049106646329164505,0.7843137383460999,0.047096043825149536,9.999999747378752e-05,Entrenamiento_86734
0.8018949031829834,0.042682945728302,0.7873303294181824,0.04244851693511009,9.999999747378752e-05,Entrenamiento_86734
0.8049095869064331,0.04642390459775925,0.8295626044273376,0.03650250285863876,9.999999747378752e-05,Entrenamiento_86734
0.8027562499046326,0.04326039180159569,0.802413284778595,0.06445709615945816,9.999999747378752e-05,Entrenamiento_86734
0.8169681429862976,0.04023156687617302,0.8340874910354614,0.04051820561289787,9.999999747378752e-05,Entrenamiento_86734
0.8303186893463135,0.03938625007867813,0.8340874910354614,0.032502248883247375,9.999999747378752e-05,Entrenamiento_86734
0.8247200846672058,0.03652717545628548,0.837104082107544,0.034940700978040695,9.999999747378752e-05,Entrenamiento_86734
0.8049095869064331,0.041621133685112,0.8114630579948425,0.035323746502399445,9.999999747378752e-05,Entrenamiento_86734
0.8268733620643616,0.039023369550704956,0.7224736213684082,0.3552871644496918,9.999999747378752e-05,Entrenamiento_86734
0.8488371968269348,0.03223167359828949,0.8039215803146362,0.04194600507616997,9.999999747378752e-05,Entrenamiento_86734
0.859603762626648,0.03150612860918045,0.7993966937065125,0.0397118516266346,9.999999747378752e-05,Entrenamiento_86734
0.8372092843055725,0.03759072721004486,0.8295626044273376,0.03496209904551506,9.999999747378752e-05,Entrenamiento_86734
0.8570197820663452,0.030406249687075615,0.8340874910354614,0.03567173331975937,9.999999747378752e-05,Entrenamiento_86734
0.835486650466919,0.038092680275440216,0.7933635115623474,0.03661612793803215,9.999999747378752e-05,Entrenamiento_86734
0.8363479971885681,0.031673964112997055,0.7948718070983887,0.0352889783680439,1.9999999494757503e-05,Entrenamiento_86734
0.863479733467102,0.02477564848959446,0.8009049892425537,0.03457534685730934,1.9999999494757503e-05,Entrenamiento_86734
0.8815675973892212,0.024153603240847588,0.7948718070983887,0.03414361551403999,1.9999999494757503e-05,Entrenamiento_86734
0.8785529732704163,0.022985002025961876,0.8235294222831726,0.03390727937221527,1.9999999494757503e-05,Entrenamiento_86734
0.8815675973892212,0.021450400352478027,0.8129713535308838,0.03544028848409653,1.9999999494757503e-05,Entrenamiento_86734
0.8677864074707031,0.02215857058763504,0.8114630579948425,0.035665687173604965,1.9999999494757503e-05,Entrenamiento_86734
0.9000861048698425,0.018153395503759384,0.802413284778595,0.03584865853190422,1.9999999494757503e-05,Entrenamiento_86734
0.6481481194496155,0.1752365678548813,0.5022624731063843,0.12735968828201294,9.999999747378752e-05,Entrenamiento_86735
0.698966383934021,0.09488430619239807,0.6877828240394592,0.06581113487482071,9.999999747378752e-05,Entrenamiento_86735
0.7041343450546265,0.08474210649728775,0.7315233945846558,0.05095905065536499,9.999999747378752e-05,Entrenamiento_86735
0.727820873260498,0.07713578641414642,0.7752639651298523,0.0501125231385231,9.999999747378752e-05,Entrenamiento_86735
0.7403100728988647,0.07316160947084427,0.6033182740211487,0.06863334774971008,9.999999747378752e-05,Entrenamiento_86735
0.745047390460968,0.06371712684631348,0.7134238481521606,0.0734364464879036,9.999999747378752e-05,Entrenamiento_86735
0.7372954487800598,0.07229408621788025,0.7164404392242432,0.11503379046916962,9.999999747378752e-05,Entrenamiento_86735
0.7497846484184265,0.06109703332185745,0.7254902124404907,0.05384731665253639,9.999999747378752e-05,Entrenamiento_86735
0.7243755459785461,0.0824626162648201,0.773755669593811,0.04847395792603493,9.999999747378752e-05,Entrenamiento_86735
0.776485800743103,0.057838499546051025,0.7420814633369446,0.05274910852313042,9.999999747378752e-05,Entrenamiento_86735
0.7717484831809998,0.057177744805812836,0.8099547624588013,0.03831513971090317,9.999999747378752e-05,Entrenamiento_86735
0.7527993321418762,0.0594455860555172,0.7993966937065125,0.042514920234680176,9.999999747378752e-05,Entrenamiento_86735
0.7726098299026489,0.05321883410215378,0.8159879446029663,0.03623390942811966,9.999999747378752e-05,Entrenamiento_86735
0.7790697813034058,0.05408582463860512,0.8310708999633789,0.0356973260641098,9.999999747378752e-05,Entrenamiento_86735
0.7928509712219238,0.04809742048382759,0.773755669593811,0.04950219765305519,9.999999747378752e-05,Entrenamiento_86735
0.8156761527061462,0.04539443179965019,0.8099547624588013,0.04015227407217026,9.999999747378752e-05,Entrenamiento_86735
0.8031868934631348,0.04807941988110542,0.8205128312110901,0.1091674417257309,9.999999747378752e-05,Entrenamiento_86735
0.8031868934631348,0.04335031658411026,0.8386123776435852,0.03627406060695648,9.999999747378752e-05,Entrenamiento_86735
0.7988802790641785,0.04942143335938454,0.8310708999633789,0.03424335643649101,9.999999747378752e-05,Entrenamiento_86735
0.8165374398231506,0.0397646389901638,0.7797888517379761,0.050373371690511703,9.999999747378752e-05,Entrenamiento_86735
0.8070628643035889,0.05018744245171547,0.7993966937065125,0.1105177029967308,9.999999747378752e-05,Entrenamiento_86735
0.7928509712219238,0.053097981959581375,0.8174962401390076,0.03567967936396599,9.999999747378752e-05,Entrenamiento_86735
0.8126614689826965,0.04351905360817909,0.8401206731796265,0.03790505975484848,9.999999747378752e-05,Entrenamiento_86735
0.8096468448638916,0.04085354506969452,0.8235294222831726,0.050762441009283066,9.999999747378752e-05,Entrenamiento_86735
0.8229973912239075,0.04446621984243393,0.7903469204902649,0.049452561885118484,9.999999747378752e-05,Entrenamiento_86735
0.8225667476654053,0.042117826640605927,0.7707390785217285,0.15243636071681976,9.999999747378752e-05,Entrenamiento_86735
0.8242893815040588,0.03731255978345871,0.8401206731796265,0.03258829191327095,9.999999747378752e-05,Entrenamiento_86735
0.849698543548584,0.03603031113743782,0.8340874910354614,0.03266039490699768,9.999999747378752e-05,Entrenamiento_86735
0.8574504852294922,0.029770610854029655,0.8190045356750488,0.03966207057237625,9.999999747378752e-05,Entrenamiento_86735
0.849698543548584,0.03636808693408966,0.8009049892425537,0.0430908203125,9.999999747378752e-05,Entrenamiento_86735
0.8341946601867676,0.03717014938592911,0.8009049892425537,0.04842726141214371,9.999999747378752e-05,Entrenamiento_86735
0.8346253037452698,0.0389377698302269,0.8235294222831726,0.05150454491376877,9.999999747378752e-05,Entrenamiento_86735
0.835486650466919,0.03877657279372215,0.8235294222831726,0.040912531316280365,9.999999747378752e-05,Entrenamiento_86735
0.8277347087860107,0.037145666778087616,0.80844646692276,0.06500624120235443,9.999999747378752e-05,Entrenamiento_86735
0.8600344657897949,0.03190953657031059,0.7873303294181824,0.1207883358001709,9.999999747378752e-05,Entrenamiento_86735
0.832472026348114,0.033793698996305466,0.814479649066925,0.034644532948732376,1.9999999494757503e-05,Entrenamiento_86735
0.8617570996284485,0.0294782817363739,0.8174962401390076,0.03787659853696823,1.9999999494757503e-05,Entrenamiento_86735
0.8720930218696594,0.026762796565890312,0.8295626044273376,0.035118550062179565,1.9999999494757503e-05,Entrenamiento_86735
0.8936262130737305,0.02368960715830326,0.8340874910354614,0.051061805337667465,1.9999999494757503e-05,Entrenamiento_86735
0.8832902908325195,0.02304907515645027,0.8039215803146362,0.040417108684778214,1.9999999494757503e-05,Entrenamiento_86735
0.8854435682296753,0.020391346886754036,0.7918552160263062,0.03806820884346962,1.9999999494757503e-05,Entrenamiento_86735
0.9147287011146545,0.016759272664785385,0.814479649066925,0.03755039721727371,1.9999999494757503e-05,Entrenamiento_86735
0.6477174758911133,0.16136078536510468,0.5912519097328186,0.08009964972734451,9.999999747378752e-05,Entrenamiento_86736
0.6972437500953674,0.08862224966287613,0.5625942945480347,0.14428433775901794,9.999999747378752e-05,Entrenamiento_86736
0.7153316140174866,0.07332786172628403,0.8009049892425537,0.05285290628671646,9.999999747378752e-05,Entrenamiento_86736
0.6998277306556702,0.08561162650585175,0.5852187275886536,0.06919952481985092,9.999999747378752e-05,Entrenamiento_86736
0.7489233613014221,0.06640032678842545,0.8250377178192139,0.03946924954652786,9.999999747378752e-05,Entrenamiento_86736
0.7618432641029358,0.06325904279947281,0.8340874910354614,0.03891832008957863,9.999999747378752e-05,Entrenamiento_86736
0.7536606192588806,0.058579470962285995,0.7888386249542236,0.05503518506884575,9.999999747378752e-05,Entrenamiento_86736
0.776485800743103,0.0545223243534565,0.7782805562019348,0.04065624997019768,9.999999747378752e-05,Entrenamiento_86736
0.7627045512199402,0.06417284905910492,0.7662141919136047,0.04358401149511337,9.999999747378752e-05,Entrenamiento_86736
0.7441860437393188,0.06323932111263275,0.8205128312110901,0.045625463128089905,9.999999747378752e-05,Entrenamiento_86736
0.769595205783844,0.057140447199344635,0.7888386249542236,0.04332347214221954,9.999999747378752e-05,Entrenamiento_86736
0.776485800743103,0.05279199779033661,0.7631976008415222,0.05117709934711456,9.999999747378752e-05,Entrenamiento_86736
0.7545219659805298,0.0674375593662262,0.8340874910354614,0.04707225039601326,9.999999747378752e-05,Entrenamiento_86736
0.7674418687820435,0.05780700221657753,0.7586727142333984,0.04633578285574913,9.999999747378752e-05,Entrenamiento_86736
0.754952609539032,0.051741763949394226,0.8190045356750488,0.037076640874147415,1.9999999494757503e-05,Entrenamiento_86736
0.7816537618637085,0.04571789503097534,0.8220211267471313,0.03812332823872566,1.9999999494757503e-05,Entrenamiento_86736
0.7898363471031189,0.04239930585026741,0.8461538553237915,0.03357033431529999,1.9999999494757503e-05,Entrenamiento_86736
0.793712317943573,0.03876616060733795,0.8446455597877502,0.0333605520427227,1.9999999494757503e-05,Entrenamiento_86736
0.7838070392608643,0.04418295621871948,0.843137264251709,0.033144064247608185,1.9999999494757503e-05,Entrenamiento_86736
0.8040482401847839,0.041421156376600266,0.8280543088912964,0.036281559616327286,1.9999999494757503e-05,Entrenamiento_86736
0.8105081915855408,0.03834059089422226,0.8265460133552551,0.037595804780721664,1.9999999494757503e-05,Entrenamiento_86736
0.8113695383071899,0.03812653571367264,0.837104082107544,0.03368094563484192,1.9999999494757503e-05,Entrenamiento_86736
0.8359172940254211,0.03620306774973869,0.849170446395874,0.033444616943597794,1.9999999494757503e-05,Entrenamiento_86736
0.8277347087860107,0.03394216299057007,0.8597285151481628,0.030119655653834343,1.9999999494757503e-05,Entrenamiento_86736
0.8337640166282654,0.03519217669963837,0.8506787419319153,0.03343789651989937,1.9999999494757503e-05,Entrenamiento_86736
0.846683919429779,0.030917536467313766,0.8386123776435852,0.03283131867647171,1.9999999494757503e-05,Entrenamiento_86736
0.8518518805503845,0.029839636757969856,0.8340874910354614,0.03207331895828247,1.9999999494757503e-05,Entrenamiento_86736
0.8552971482276917,0.0309284720569849,0.8461538553237915,0.031361620873212814,1.9999999494757503e-05,Entrenamiento_86736
0.863479733467102,0.028892800211906433,0.8476621508598328,0.031387876719236374,1.9999999494757503e-05,Entrenamiento_86736
0.8600344657897949,0.029204323887825012,0.8446455597877502,0.03089713677763939,1.9999999494757503e-05,Entrenamiento_86736
0.8509905338287354,0.032899159938097,0.8446455597877502,0.03208478167653084,1.9999999494757503e-05,Entrenamiento_86736
0.8686476945877075,0.028363589197397232,0.8461538553237915,0.03277134150266647,1.9999999494757503e-05,Entrenamiento_86736
0.8703703880310059,0.026475371792912483,0.8355957865715027,0.03238033130764961,3.999999989900971e-06,Entrenamiento_86736
0.8763996362686157,0.025132255628705025,0.837104082107544,0.031971272081136703,3.999999989900971e-06,Entrenamiento_86736
0.8824289441108704,0.024238847196102142,0.8235294222831726,0.032389260828495026,3.999999989900971e-06,Entrenamiento_86736
0.8819983005523682,0.023992212489247322,0.8174962401390076,0.03231272101402283,3.999999989900971e-06,Entrenamiento_86736
0.8794143199920654,0.028722908347845078,0.8174962401390076,0.032772246748209,3.999999989900971e-06,Entrenamiento_86736
0.8845822811126709,0.024403534829616547,0.8205128312110901,0.032940398901700974,3.999999989900971e-06,Entrenamiento_86736
0.8776916265487671,0.025862229987978935,0.8190045356750488,0.032316677272319794,3.999999989900971e-06,Entrenamiento_86736

